正面,背面,难度因子,间隔天数,连续答对,下次到期
"1. 设f(x,y)=x3y+e−sin(x²−y2),则fx(1,1)=l+e
-2x
2y
x+y
2
x+y，则
(x-y/^2+(x+y)2}","学生答案中显示的计算结果不正确，原因有以下几点：  1. 没有明确指出x和y的表达方式，导致计算出现偏差。 2. 选项中没有x和y的值，因此无法计算fx(1,1)的结果。 3. 看到的表达式fx(1,1)=l+e,实际上应该使用f(1,1)来求fx(1,1)的值，而不是f(x,y)的形式。 4. 选项中没有给出正确的计算公式，因此无法计算fx(1,1)的值。 5. 选项中没有给出正确的计算公式，因此无法计算fx(1,1)的值。  关联知识点： 1. 在计算函数f(x,y)的导数fx(x,y)时，需要注意函数的定义域和导数的定义。 2. 在计算函数f(x,y)的值时，需要注意计算的范围和符号。 3. 在计算函数f(x,y)的值时，需要注意计算的范围和符号。  同类变式题： 1. 根据题干，我们直接计算f(1,1)的值，得到1+e。 2. 根据题目，我们需要求出(1-x/y)的值。由于题目中没",2.5,0,0,2026-09-19
"2. 设z = arctan
(x-y)2+(x+y){2}
x-y
2×y334",### 1. 正确解题思路 首先，我们需要理解题目中的表达式。题目给出的表达式是：  \[ z = \arctan\left(\frac{x - y}{2x + y}\right) \]  这个表达式表示一个复合函数，其中 \(x - y\) 和 \(2x + y\) 是 \(z\) 的自变量，且 \(z\) 是 \(x - y\) 的函数。  ### 2. 错误原因归类 - **概念不清**：题目中提到的 \(x - y\)、\(2x + y\) 和 \(z\) 都是数学中的概念，没有明确指出它们的具体含义，例如它们可能是 \(x\) 或 \(y\) 的值。  - **计算失误**：题目中的计算部分没有明确表示，或者没有清楚地给出计算的步骤。例如，“\(x - y\) 和 \(2x + y\) 的计算”、“\(x - y\) 与 \(2x + y\) 的乘积”等。  - **审题偏差**,2.5,0,0,2026-09-19
"1. 已知z=x4+y4−4x2y2，求zx(1,2)和zy(1,2).
Bx=4x3-8y2x.
7(1.2)=4-8×4×1
zxy=-1b xy
8xy(1.2)=—3)
11
第9章多元函数微分学
b
门理工学院
(a):a
Ina",1. 正确解题思路：首先，理解题目中的函数和数据，明确已知条件，然后根据函数的性质和数据计算出未知数的值。接下来，进行计算，确保计算过程符合题目的要求。  2. 错误原因归类：概念不清，计算失误，审题偏差，方法缺失。  3. 关联知识点：1.多元函数微分学，2.导数的计算公式。  4. 一类变式题：1.11-2.11  请注意，由于OCR识别的不完整，无法解析题干。希望这个解答能够帮助到你！,2.5,0,0,2026-09-19
"3. 设f(x,y)=ln|x+y|-e，求
在点(1,0)处的值.
∂x∂y
x+y-1
dt
2x
2","### 1. 正确解题思路 首先，我们需要理解题目中的函数 \( f(x, y) = \ln|x + y| - e \)。题目要求我们求在点 \((1, 0)\) 处的值，这意味着我们需要找到 \( f(1, 0) \) 的值。由于题目没有给出任何具体的上下文或者已知的函数关系，我们无法直接计算出这个值。因此，正确的解题思路应该是先确定 \( x + y \) 的值，然后计算 \( f(x, y) = \ln(x + y) - e \) 的值。  ### 2. 错误原因归类 - **计算失误**：在计算 \( f(1, 0) \) 时，直接将 \( x + y = 1 + 0 = 1 \) 代入 \( f(x, y) = \ln(x + y) - e \) 中，这会导致计算错误。 - **审题偏差**：题目并没有明确地告诉我们 \( x \) 和 \( y \) 的具体值，这使得计算过程变",2.5,0,0,2026-09-19
"4.设z=f(x,y),f(x,y)=2,f (x,0)=x，且f(x,0)=3，求函数z=f(x,y)的表达式.
R
=2.cxy).⇒ f'y=2y+x
对乎求导后是2→2y+c
f'y=xy：0c=x.
+y=xy+y+
t'y=2y","### 1. 正确解题思路  首先，学生需要理解题目中给出的函数 \( f(x,y) = 2 \) 和其对函数 \( z = f(x,y) \) 的关系。题目中提到 \( f(x,0) = 3 \)，这意味着 \( z = f(x,0) = 3 \)。根据题目信息，我们可以通过对 \( f(x,0) \) 进行求导来找到 \( z \) 关于 \( x \) 和 \( y \) 的关系。求导后，我们可以得到：  \[ \frac{\partial z}{\partial x} = 2 \frac{\partial f}{\partial x} \] \[ \frac{\partial z}{\partial y} = 2 \frac{\partial f}{\partial y} \]  题目中给出的 \( \frac{\partial f}{\partial x} = 2y + x \)",2.5,0,0,2026-09-19
"5. (2020) 设函数 f(x,y)= 1 edt，求
的值。
况占
∂x∂y(1.1)
1
b(x)
u=xt{2}.du=2xt·dt
b(x)
x(但t还在)
a(x)
变量替换
△：换变量.消t.
(x,y)=yx
利用积分上限","### 1. 正确解题思路 首先，我们需要明确题目要求的是对给定的函数 \( f(x, y) = \frac{1}{\text{e}^x + \text{e}^y} \) 进行积分。在计算积分时，我们需要明确变量的改变和处理方式。  ### 2. 错误原因归类 - **计算失误**：在计算积分时，没有正确地应用变量替换方法。 - **审题偏差**：在计算过程中，没有正确地确定积分上限和积分变量的定义。 - **方法缺失**：在计算过程中，没有明确指出积分变量的定义。  ### 3. 关联知识点 - 反向积分：当积分变量的对数形式发生变化时，需要使用反向积分的方法。 - 求导法则：对于分母形式为1/(a+b)的函数，可以通过变量替换的方式找到导数。  ### 4. 一类变式题 ### 答案：- 1. 正确解题思路 2. 无 3. 反向积分法 4. - 在计算过程中，需要明确积分变量的定义，并",2.5,0,0,2026-09-19
"下列极限式中，表示二元函数 f(x,y) 在 (x0,y0) 处对 x 的偏导数 f_x(x0,y0) 的是（ ）",（暂无解析）,2.5,0,0,2026-09-19
"设 f(x,y)=x2y5，则 ∂f/∂x = ______",（暂无解析）,2.5,0,0,2026-09-19
设 z = x^2 y + sin(xy)，求 ∂z/∂x 与 ∂z/∂y。,（暂无解析）,2.5,0,0,2026-09-19
设 z = x^2 y + sin(xy)，求 ∂z/∂x 与 ∂z/∂y。,（暂无解析）,2.5,0,0,2026-09-19
设 z = x^2 y + sin(xy)，求 ∂z/∂x 与 ∂z/∂y。,（暂无解析）,2.5,0,0,2026-09-19
设 z = x^2 y + sin(xy)，求 ∂z/∂x 与 ∂z/∂y。,（暂无解析）,2.5,0,0,2026-09-19
carrier,运输工具， 运载工具； 带菌者； 载重架， 置物架,2.5,0,0,2026-09-19
suspect,可疑的， 不信任的；疑有；推测；对…表示怀疑；嫌疑犯，可疑分子,2.5,0,0,2026-09-19
sector,部门， 部分； 防御地段， 防区； 扇形,2.5,0,0,2026-09-19
pump,泵；抽， 泵送， 打气,2.5,0,0,2026-09-19
whilst,当…的时候,2.5,0,0,2026-09-19
considerable,相当大的； 重要的,2.5,0,0,2026-09-19
postpone,延迟， 延期,2.5,0,0,2026-09-19
directly,直接地； 正好地， 截然； 立即,2.5,0,0,2026-09-19
sufficient,足够的， 充分的,2.5,0,0,2026-09-19
recommendation,推荐， 推荐信； 建议； 优点， 可取之处,2.5,0,0,2026-09-19
lump,结块； 将…归并在一起；块，肿块,2.5,0,0,2026-09-19
mainland,大陆,2.5,0,0,2026-09-19
plastic,塑料的；可塑的；塑料， 塑料制品； 信用卡,2.5,0,0,2026-09-19
kingdom,王国； 领域； 界,2.5,0,0,2026-09-19
original,最初的；新颖的；原版的；原件， 原作,2.5,0,0,2026-09-19
territory,领土， 版图； 领域,2.5,0,0,2026-09-19
Negro,黑人,2.5,0,0,2026-09-19
graceful,优美的， 优雅的； 得体的,2.5,0,0,2026-09-19
resistance,反抗， 抵制； 抵抗力， 抵抗性； 阻力； 电阻,2.5,0,0,2026-09-19
boost,提高，使增长；推动，激励；替…做广告，宣扬；提高， 增长； 推动， 激励,2.5,0,0,2026-09-19
dot,点，圆点；打点于,2.5,0,0,2026-09-19
action,行动； 已做的事； 作用， 功能； 情节,2.5,0,0,2026-09-19
hook,钩住；钩，挂钩,2.5,0,0,2026-09-19
peculiar,奇怪的， 古怪的； 特有的,2.5,0,0,2026-09-19
clay,黏土， 泥土； 肉体,2.5,0,0,2026-09-19
document,公文，文件；证件；用文件等证明,2.5,0,0,2026-09-19
bathe,洗澡； 游泳,2.5,0,0,2026-09-19
pillow,枕头,2.5,0,0,2026-09-19
reservation,预订； 保留； 犹豫； 保留地,2.5,0,0,2026-09-19
nuisance,讨厌的东西,2.5,0,0,2026-09-19
observation,注意， 观察； 言论， 评论； 观察资料,2.5,0,0,2026-09-19
gradual,逐渐的， 渐进的； 坡度平缓的,2.5,0,0,2026-09-19
hire,租用； 雇用,2.5,0,0,2026-09-19
region,地区， 地带， 区域； 范围， 幅度,2.5,0,0,2026-09-19
reluctant,不情愿的， 勉强的,2.5,0,0,2026-09-19
copper,铜； 铜币， 铜制器,2.5,0,0,2026-09-19
keyboard,键盘,2.5,0,0,2026-09-19
contrast,形成对比， 对比之下显出区别；对比， 对照； 反差；对比，对照,2.5,0,0,2026-09-19
welfare,幸福； 福利， 福利救济,2.5,0,0,2026-09-19
ancestor,祖宗， 祖先； 原型； 先驱,2.5,0,0,2026-09-19
profit,受益；益处；利润，收益；有益于，有利于,2.5,0,0,2026-09-19
cruise,航游，巡航；缓慢巡行；航游， 游弋,2.5,0,0,2026-09-19
dairy,乳制品的；牛奶场；乳制品,2.5,0,0,2026-09-19
carpenter,木工， 木匠,2.5,0,0,2026-09-19
absence,缺席， 不在； 缺席的时间， 外出期； 缺乏， 不存在,2.5,0,0,2026-09-19
rub,擦， 摩擦,2.5,0,0,2026-09-19
erect,竖直的， 垂直的；建造；使竖立,2.5,0,0,2026-09-19
engage,使从事； 聘用； 吸引； 占用； 使订婚,2.5,0,0,2026-09-19
confident,确信的， 肯定的； 自信的,2.5,0,0,2026-09-19
providing,倘若,2.5,0,0,2026-09-19
